日期,主題,住宿基地,主要行程動線,育兒重點與備註,雨天備案
9/19 (六),✈️ 飛行抵達,EN HOTEL Hakata,台北出發 → 福岡機場 (BR102) → 飯店入住 → 天神地下街/屋台宵夜,晚間抵達降低強度；機場先處理奶量與小孩餐點。,室內行程不受影響
9/20 (日),⛩️ 太宰府與柳川,EN HOTEL Hakata,飯店 → 太宰府天滿宮/參道 → 柳川川下り遊船 → 博多站周邊晚餐,依小孩體力隨時縮短行程；推車避開參道人潮高峰。,改去 Canal City 或 LaLaport 商場
9/21 (一),🛍️ 市區輕遊換房,THE BASICS,寄放行李 → 人形町今半午餐 → 博多運河城逛街 → 大濠公園散步,下午以室內避暑為主；大濠公園若人多可提早回新飯店。,改往福岡市美術館或周邊咖啡廳
9/22 (二),🌷 豪斯登堡,THE BASICS,搭乘 JR 特急前往 → 豪斯登堡 (主題區/遊船/米飛兔) → 傍晚返回博多,園區廣大，多利用室內休息區與推車；控制步行量。,園區內有眾多室內設施與商場
9/23 (三),🐻 移動至熊本,Nikko Kumamoto,九州新幹線至熊本 → 櫻之馬場城彩苑 → 熊本城 → 熊本熊部長辦公室,新幹線與市電轉乘需注意嬰兒車動線；下午看見面會。,熊本市區拱廊商店街 (上/下通)
9/24 (四),🦒 動植物園,Nikko Kumamoto,熊本市動植物園 → 水前寺成趣園散步 → 鶴屋百貨採買,關鍵任務：於鶴屋百貨買齊 LUIGANS 需要的尿布、奶粉與零食水。,取消戶外，改為熊本車站 AMU PLAZA 逛街
9/25 (五),🐬 海之中道,THE LUIGANS,新幹線回博多轉 JR → 海之中道 → Marine World 水族館 → 入住度假村,交通轉乘次數較多，午餐建議在博多站內先買齊或解決。,水族館為室內行程，留意轉車雨具即可
9/26 (六),🏖️ 海島度假,THE LUIGANS,飯店早餐 → 志賀島海岸散步 → 度假村泳池/SPA → 海邊看夕陽,全日低強度放鬆，減少通勤，以飯店接駁或計程車為主。,轉為飯店內設施與 SPA 放鬆
9/27 (日),✈️ 滿載而歸,溫暖的家,08:00 前往機場 → 報到/安檢 → 12:20 起飛 (BR105) → 抵達台灣,早班機，早餐後即退房；預留充分時間處理退稅與嬰兒車托運。,室內行程不受影響
